kategori,kategori_label,kaynak,marka,sku,model
buzdolabi,Buzdolabı,samsung,Samsung,refrigerator-sbs-9-inch-ai-home-621l-black-doi-rs90f64eeftr,Bespoke AI Gardrop Tipi Buzdolabı AI Home™ 621L
buzdolabi,Buzdolabı,samsung,Samsung,rm90f-36-4-door-french-door-refrigerators-with-ai-home-and-ai-hybrid-cooling-658l-clean-white-rm90f66cewtr,Bespoke AI 4 Kapılı Buzdolabı AI Home™ 658L
buzdolabi,Buzdolabı,samsung,Samsung,rb6000d-508l-refined-inox-rb50dg601es9tr,Bespoke AI Alttan Donduruculu Buzdolabı Space Max™ 508L
buzdolabi,Buzdolabı,samsung,Samsung,rf9000d-rf9000dc-t-style-french-door-beverage-center-819l-rf71db965e8ctr,Bespoke AI 4 Kapılı Buzdolabı İçecek İstasyonu 819L
buzdolabi,Buzdolabı,samsung,Samsung,rf9000d-rf9000dc-t-style-french-door-beverage-center-821l-silver-rf71dg90besltr,Bespoke AI 4 Kapılı Buzdolabı Triple Cooling™ 821L
buzdolabi,Buzdolabı,samsung,Samsung,refrigerator-sbs-rs90f-basic-655l-black-doi-rs70f65qeftr,Bespoke AI Gardrop Tipi Buzdolabı Space Max™ 655L
buzdolabi,Buzdolabı,samsung,Samsung,rf9000d-rf9000dc-t-style-french-door-beverage-center-650l-silver-rf65dg90besltr,Bespoke AI 4 Kapılı Buzdolabı Triple Cooling™ 650L
buzdolabi,Buzdolabı,samsung,Samsung,rt7300d-smartthings-ai-energy-mode-top-mount-freezer-smartthings-ai-energy-mode-531l-silver-rt53dg7a14s9tr,Bespoke AI Üstten Donduruculu Buzdolabı Twin Cooling™ 530L
buzdolabi,Buzdolabı,samsung,Samsung,rb3000rm-twin-cooling-580l-silver-rb58ds75esa-tr,Alttan Donduruculu Buzdolabı Twin Cooling™ 580L
buzdolabi,Buzdolabı,samsung,Samsung,rt6300c-top-mount-freezer-bespoke-design-465l-white-rt47cg6636wwtr,Bespoke AI Üstten Donduruculu Buzdolabı Space Max™ 465L
buzdolabi,Buzdolabı,beko,Beko,7296526355,683616 IEBI
buzdolabi,Buzdolabı,beko,Beko,7256120210,970475 EB
buzdolabi,Buzdolabı,beko,Beko,7296520277,683616 EI
buzdolabi,Buzdolabı,beko,Beko,7296520215,683613 EB
buzdolabi,Buzdolabı,beko,Beko,7202920205,670475 MB
buzdolabi,Buzdolabı,beko,Beko,7202920203,670475 EA
buzdolabi,Buzdolabı,beko,Beko,7281520232,678551 EDI
buzdolabi,Buzdolabı,beko,Beko,7253620260,970477 MB
buzdolabi,Buzdolabı,beko,Beko,7281820256,974509 MI
buzdolabi,Buzdolabı,beko,Beko,7282140266,678551 EBC AI Fit
buzdolabi,Buzdolabı,arcelik,ARÇELİK,7291620111,278552 EI AI Fit
buzdolabi,Buzdolabı,arcelik,ARÇELİK,7296520186,283616 EI
buzdolabi,Buzdolabı,arcelik,ARÇELİK,7295520166,391572 EB
buzdolabi,Buzdolabı,arcelik,ARÇELİK,7291727736,574509 MI
buzdolabi,Buzdolabı,arcelik,ARÇELİK,7296520147,283613 EB
buzdolabi,Buzdolabı,arcelik,ARÇELİK,7296529446,283616 IEBI
buzdolabi,Buzdolabı,arcelik,ARÇELİK,7285520143,391641 EI
buzdolabi,Buzdolabı,arcelik,ARÇELİK,7289120164,583632 EI Fit
buzdolabi,Buzdolabı,arcelik,ARÇELİK,7289120188,578557 EB Fit
buzdolabi,Buzdolabı,arcelik,ARÇELİK,7289120157,583632 EB Fit
buzdolabi,Buzdolabı,bosch,Bosch,KBN96ADD0,Serie 6 Alttan Donduruculu Ankastre Buzdolabı 193.5 x 70.8 cm softClosing Düz Menteşe
buzdolabi,Buzdolabı,bosch,Bosch,KFN96VPEA,Serie 4 Gardırop Tipi Buzdolabı 183 x 90.5 cm Paslanmaz çelik
buzdolabi,Buzdolabı,bosch,Bosch,KGP86AXB0N,Serie 8 Alttan Donduruculu Buzdolabı 186 x 86 cm Parmak izi bırakmayan siyah inoks
buzdolabi,Buzdolabı,bosch,Bosch,KGP86FIC0N,Serie 8 Alttan Donduruculu Buzdolabı 186 x 86 cm Paslanmaz çelik
buzdolabi,Buzdolabı,bosch,Bosch,KGP86FWC0N,"Serie 8 Alttan Donduruculu Buzdolabı 186 x 86 cm Beyaz, Total No Frost"
buzdolabi,Buzdolabı,bosch,Bosch,KDN86AID1N,Serie 6 Üstten Donduruculu Buzdolabı 186 x 86 cm Paslanmaz çelik
buzdolabi,Buzdolabı,bosch,Bosch,KGP76AIC0N,Serie 8 Alttan Donduruculu Buzdolabı 186 x 75 cm Paslanmaz çelik
buzdolabi,Buzdolabı,bosch,Bosch,KGA76PIE0N,Serie 8 Alttan Donduruculu Buzdolabı 186 x 75 cm Paslanmaz çelik
buzdolabi,Buzdolabı,bosch,Bosch,KGN86AID2N,Serie 6 Alttan Donduruculu Buzdolabı 186 x 86 cm Paslanmaz çelik
buzdolabi,Buzdolabı,bosch,Bosch,KDN86AWE1N,"Serie 6 Üstten Donduruculu Buzdolabı 186 x 86 cm Beyaz, Total No Frost"
buzdolabi,Buzdolabı,siemens,Siemens,KF96RSBEA,"iQ700 Gardırop Tipi Buzdolabı, Cam Kapı 183 x 90.5 cm Siyah, Total noFrost"
buzdolabi,Buzdolabı,siemens,Siemens,KF96NAXEA,"iQ300 Gardırop Tipi Buzdolabı 183 x 90.5 cm BlackSteel, Total noFrost"
buzdolabi,Buzdolabı,siemens,Siemens,KF96NVPEA,iQ300 Gardırop Tipi Buzdolabı 183 x 90.5 cm Paslanmaz çelik
buzdolabi,Buzdolabı,siemens,Siemens,KG86PAXB0N,iQ700 Alttan Donduruculu Buzdolabı 186 x 86 cm BlackSteel
buzdolabi,Buzdolabı,siemens,Siemens,KG86PFIC0N,iQ700 Alttan Donduruculu Buzdolabı 186 x 86 cm Paslanmaz çelik
buzdolabi,Buzdolabı,siemens,Siemens,KG86PFWC0N,"iQ700 Alttan Donduruculu Buzdolabı 186 x 86 cm Beyaz, Total noFrost"
buzdolabi,Buzdolabı,siemens,Siemens,KD86NAID1N,iQ500 Üstten Donduruculu Buzdolabı 186 x 86 cm Paslanmaz çelik
buzdolabi,Buzdolabı,siemens,Siemens,KG76PAIC0N,iQ700 Alttan Donduruculu Buzdolabı 186 x 75 cm Paslanmaz çelik
buzdolabi,Buzdolabı,siemens,Siemens,KG86NAID2N,iQ500 Alttan Donduruculu Buzdolabı 186 x 86 cm Paslanmaz çelik
buzdolabi,Buzdolabı,siemens,Siemens,KD86NAWE1N,"iQ500 Üstten Donduruculu Buzdolabı 186 x 86 cm Beyaz, Total noFrost"
buzdolabi,Buzdolabı,vestel,Vestel,20268312,Vestel NF52111 451 Lt No-Frost Buzdolabı
buzdolabi,Buzdolabı,vestel,Vestel,20268350,Vestel NFK52011 471 Lt No-Frost Buzdolabı
buzdolabi,Buzdolabı,vestel,Vestel,20268306,Vestel NF48011 434 Lt No-Frost Buzdolabı
buzdolabi,Buzdolabı,vestel,Vestel,20268349,Vestel NFK52011 X 471 Lt No-Frost Buzdolabı
buzdolabi,Buzdolabı,vestel,Vestel,20268308,Vestel NF45011 402 Lt No-Frost Buzdolabı
buzdolabi,Buzdolabı,vestel,Vestel,20268348,Vestel NFK52112 E WIFI 471 Lt No-Frost Buzdolabı
buzdolabi,Buzdolabı,vestel,Vestel,20269634,Vestel NFK60011 TE 533 Lt No-Frost Buzdolabı
buzdolabi,Buzdolabı,vestel,Vestel,20268346,Vestel NFK52112 EX WIFI 471 Lt No-Frost Buzdolabı
buzdolabi,Buzdolabı,vestel,Vestel,20268305,Vestel NF48011 X 434 Lt No-Frost Buzdolabı
buzdolabi,Buzdolabı,vestel,Vestel,20268345,Vestel NFK48011 427 Lt No-Frost Buzdolabı
derin_dondurucu,Derin Dondurucu,beko,Beko,7254120290,7072 MI
derin_dondurucu,Derin Dondurucu,beko,Beko,7266920111,7030 MB
derin_dondurucu,Derin Dondurucu,beko,Beko,7278420090,7682 NFI
derin_dondurucu,Derin Dondurucu,beko,Beko,7279720010,7071 MNFB
derin_dondurucu,Derin Dondurucu,beko,Beko,7278420011,7682 NFB
derin_dondurucu,Derin Dondurucu,beko,Beko,7294920115,7053 NFB
derin_dondurucu,Derin Dondurucu,beko,Beko,7294920117,7053 MB
derin_dondurucu,Derin Dondurucu,beko,Beko,7285920210,7362 NFB
derin_dondurucu,Derin Dondurucu,beko,Beko,7217620112,7032 MB
derin_dondurucu,Derin Dondurucu,beko,Beko,7254120210,7072 MB
derin_dondurucu,Derin Dondurucu,arcelik,ARÇELİK,7285920110,2162 NFB
derin_dondurucu,Derin Dondurucu,arcelik,ARÇELİK,7294220114,2175 JEB
derin_dondurucu,Derin Dondurucu,arcelik,ARÇELİK,7294220115,2783 DEB
derin_dondurucu,Derin Dondurucu,arcelik,ARÇELİK,7294920110,2053 MB
derin_dondurucu,Derin Dondurucu,arcelik,ARÇELİK,7294220194,2175 JEI
derin_dondurucu,Derin Dondurucu,arcelik,ARÇELİK,7294920116,2053 NFB
derin_dondurucu,Derin Dondurucu,arcelik,ARÇELİK,7284740110,2071 NFB
derin_dondurucu,Derin Dondurucu,arcelik,ARÇELİK,7278420190,2682 NFI
derin_dondurucu,Derin Dondurucu,arcelik,ARÇELİK,7278420010,2682 NFB
derin_dondurucu,Derin Dondurucu,arcelik,ARÇELİK,7279720011,2071 MNFB
derin_dondurucu,Derin Dondurucu,bosch,Bosch,GSN36VIE0N,Serie 4 Solo Derin Dondurucu 186 x 60 cm Paslanmaz çelik
derin_dondurucu,Derin Dondurucu,bosch,Bosch,GSN36VIEP,Serie 4 Solo Derin Dondurucu 186 x 60 cm Paslanmaz çelik
derin_dondurucu,Derin Dondurucu,bosch,Bosch,GSV33VIE0N,Serie 4 Solo Derin Dondurucu 176 x 60 cm Paslanmaz çelik
derin_dondurucu,Derin Dondurucu,bosch,Bosch,GSV29VWE0N,Serie 4 Solo Derin Dondurucu 161 x 60 cm Beyaz
derin_dondurucu,Derin Dondurucu,bosch,Bosch,GSV24VWE0N,Serie 4 Solo Derin Dondurucu 146 x 60 cm Beyaz
derin_dondurucu,Derin Dondurucu,siemens,Siemens,GS36NVIEP,iQ300 Solo Derin Dondurucu 186 x 60 cm Paslanmaz çelik
derin_dondurucu,Derin Dondurucu,siemens,Siemens,GS24VVWE0N,iQ300 Solo Derin Dondurucu 146 x 60 cm Beyaz
derin_dondurucu,Derin Dondurucu,siemens,Siemens,GS36NVIE0N,iQ300 Solo Derin Dondurucu 186 x 60 cm Paslanmaz çelik
derin_dondurucu,Derin Dondurucu,vestel,Vestel,20265698,VESTEL CDM701 Dikey Derin Dondurucu
derin_dondurucu,Derin Dondurucu,vestel,Vestel,20268715,Vestel CDM501 Çekmeceli Dikey Derin Dondurucu
derin_dondurucu,Derin Dondurucu,vestel,Vestel,20268714,Vestel CDM601 E Çekmeceli Dikey Derin Dondurucu
derin_dondurucu,Derin Dondurucu,vestel,Vestel,20268716,Vestel CDS301 Çekmeceli Dikey Derin Dondurucu
derin_dondurucu,Derin Dondurucu,vestel,Vestel,20268372,Vestel SD50011 DuoMode  Sandık Tipi Derin Dondurucu
derin_dondurucu,Derin Dondurucu,vestel,Vestel,20265696,VESTEL CDM701 X Dikey Derin Dondurucu
derin_dondurucu,Derin Dondurucu,vestel,Vestel,20268444,Vestel SD40211 DuoMode Sandık Tipi Derin Dondurucu
derin_dondurucu,Derin Dondurucu,vestel,Vestel,20268713,Vestel CDL601 Çekmeceli Dikey Derin Dondurucu
derin_dondurucu,Derin Dondurucu,vestel,Vestel,20268376,Vestel SD15011 DuoMode Sandık Tipi Derin Dondurucu
derin_dondurucu,Derin Dondurucu,vestel,Vestel,20268401,Vestel SD30111 DuoMode Sandık Tipi Derin Dondurucu
bulasik_makinesi,Bulaşık Makinesi,samsung,Samsung,dw8700-dw60bb890fapml-8-place-settings-satin-beige-dw60db890faptr,Bespoke AI Solo Bulaşık Makinesi Yapay Zeka Yıkama 11 program
bulasik_makinesi,Bulaşık Makinesi,samsung,Samsung,dw5500mm-13-place-settings-silver-dw60dg540fsrtr,Solo Bulaşık Makinesi Otomatik Açılır Kapı 4 program
bulasik_makinesi,Bulaşık Makinesi,samsung,Samsung,dw5500mm-13-place-settings-white-dw60dg550fwqtr,Solo Bulaşık Makinesi Otomatik Açılır Kapı 5 program
bulasik_makinesi,Bulaşık Makinesi,samsung,Samsung,dw5500mm-14-place-settings-silver-dw60dg560fsrtr,Solo Bulaşık Makinesi Otomatik Açılır Kapı 6 program
bulasik_makinesi,Bulaşık Makinesi,samsung,Samsung,dw5500mm-13-place-settings-white-dw60dg550b00tr,Ankastre Bulaşık Makinesi Otomatik Açılır Kapı 5 program
bulasik_makinesi,Bulaşık Makinesi,samsung,Samsung,dw8500am-high-energy-efficiency-14-place-settings-silver-dw60a8050fs-tr,Solo Bulaşık Makinesi Otomatik Açılır Kapı 8 program
bulasik_makinesi,Bulaşık Makinesi,beko,Beko,7630910277,BM 4144 OK
bulasik_makinesi,Bulaşık Makinesi,beko,Beko,7630810277,BM 4144 OK I
bulasik_makinesi,Bulaşık Makinesi,beko,Beko,7640510277,B 710 gc
bulasik_makinesi,Bulaşık Makinesi,beko,Beko,7640110277,B 710 sc
bulasik_makinesi,Bulaşık Makinesi,beko,Beko,7640610277,B 710 bc
bulasik_makinesi,Bulaşık Makinesi,beko,Beko,7638910277,B 710 b
bulasik_makinesi,Bulaşık Makinesi,beko,Beko,7632810277,BM 4144 WF
bulasik_makinesi,Bulaşık Makinesi,beko,Beko,7634410277,BM 6247 WF
bulasik_makinesi,Bulaşık Makinesi,beko,Beko,7630010277,BM 4144
bulasik_makinesi,Bulaşık Makinesi,beko,Beko,7629810277,BM 3143
bulasik_makinesi,Bulaşık Makinesi,arcelik,ARÇELİK,7631710177,6444 OK
bulasik_makinesi,Bulaşık Makinesi,arcelik,ARÇELİK,7635210177,6466
bulasik_makinesi,Bulaşık Makinesi,arcelik,ARÇELİK,7639810177,A 710 sc
bulasik_makinesi,Bulaşık Makinesi,arcelik,ARÇELİK,7640010177,A 710 bc
bulasik_makinesi,Bulaşık Makinesi,arcelik,ARÇELİK,7629710177,6433
bulasik_makinesi,Bulaşık Makinesi,arcelik,ARÇELİK,7630110177,6444
bulasik_makinesi,Bulaşık Makinesi,arcelik,ARÇELİK,7631810177,6444 OK I
bulasik_makinesi,Bulaşık Makinesi,arcelik,ARÇELİK,7631910177,6444 OK A
bulasik_makinesi,Bulaşık Makinesi,arcelik,ARÇELİK,7632010177,6688 DI
bulasik_makinesi,Bulaşık Makinesi,arcelik,ARÇELİK,7632110177,6455 WF I
bulasik_makinesi,Bulaşık Makinesi,bosch,Bosch,SMI8ZDS81T,Serie 8 Yarı Ankastre Bulaşık Makinesi 60 cm Paslanmaz çelik
bulasik_makinesi,Bulaşık Makinesi,bosch,Bosch,SMI6EKS81T,Serie 6 Yarı Ankastre Bulaşık Makinesi 60 cm Paslanmaz çelik
bulasik_makinesi,Bulaşık Makinesi,bosch,Bosch,SMS6ECI83T,Serie 6 Solo Bulaşık Makinesi 60 cm Kolay Temizlenebilir Inox
bulasik_makinesi,Bulaşık Makinesi,bosch,Bosch,SMS6EAI81T,Serie 6 Solo Bulaşık Makinesi 60 cm Kolay Temizlenebilir Inox
bulasik_makinesi,Bulaşık Makinesi,bosch,Bosch,SMS4HMY62T,Serie 6 Solo Bulaşık Makinesi 60 cm
bulasik_makinesi,Bulaşık Makinesi,bosch,Bosch,SMS6ENW60T,Serie 6 Solo Bulaşık Makinesi 60 cm Beyaz
bulasik_makinesi,Bulaşık Makinesi,bosch,Bosch,SMS6ENY60T,Serie 6 Solo Bulaşık Makinesi 60 cm
bulasik_makinesi,Bulaşık Makinesi,bosch,Bosch,SMS6ENB60T,Serie 6 Solo Bulaşık Makinesi 60 cm Siyah
bulasik_makinesi,Bulaşık Makinesi,bosch,Bosch,SMS6EMI63T,Serie 6 Solo Bulaşık Makinesi 60 cm Kolay Temizlenebilir Inox
bulasik_makinesi,Bulaşık Makinesi,bosch,Bosch,SMP6ENC60T,Serie 6 Solo Bulaşık Makinesi 60 cm Kolay Temizlenebilir Siyah Inox
bulasik_makinesi,Bulaşık Makinesi,siemens,Siemens,SN57ZS82DT,iQ700 Yarı Ankastre Bulaşık Makinesi 60 cm Paslanmaz çelik
bulasik_makinesi,Bulaşık Makinesi,siemens,Siemens,SN27YI82DT,iQ700 Solo Bulaşık Makinesi 60 cm Kolay Temizlenebilir Inox
bulasik_makinesi,Bulaşık Makinesi,siemens,Siemens,SN55ES82KT,iQ500 Yarı Ankastre Bulaşık Makinesi 60 cm Paslanmaz çelik
bulasik_makinesi,Bulaşık Makinesi,siemens,Siemens,SN25EI83CT,iQ500 Solo Bulaşık Makinesi 60 cm Kolay Temizlenebilir Inox
bulasik_makinesi,Bulaşık Makinesi,siemens,Siemens,SN63HX62MT,iQ500 Tam Ankastre Bulaşık Makinesi 60 cm
bulasik_makinesi,Bulaşık Makinesi,siemens,Siemens,SN23HW62MT,iQ500 Solo Bulaşık Makinesi 60 cm Beyaz
bulasik_makinesi,Bulaşık Makinesi,siemens,Siemens,SN23HY62MT,iQ500 Solo Bulaşık Makinesi 60 cm
bulasik_makinesi,Bulaşık Makinesi,siemens,Siemens,SN45EB01NT,iQ500 Tezgah Altı Bulaşık Makinesi 60 cm Siyah
bulasik_makinesi,Bulaşık Makinesi,siemens,Siemens,SN45EY01NT,iQ500 Tezgah Altı Bulaşık Makinesi 60 cm
bulasik_makinesi,Bulaşık Makinesi,siemens,Siemens,SN25EI63MT,iQ500 Solo Bulaşık Makinesi 60 cm Kolay Temizlenebilir Inox
bulasik_makinesi,Bulaşık Makinesi,vestel,Vestel,20267367,Vestel BM 4212 WIFI Bulaşık Makinesi
bulasik_makinesi,Bulaşık Makinesi,vestel,Vestel,20267368,Vestel BM 4212 X WIFI Bulaşık Makinesi
bulasik_makinesi,Bulaşık Makinesi,vestel,Vestel,20350397,Vestel BM 42012 WIFI Bulaşık Makinesi
bulasik_makinesi,Bulaşık Makinesi,vestel,Vestel,20264053,Vestel BM 10502 X GI Pro WIFI 10 Programlı Bulaşık Makinesi
bulasik_makinesi,Bulaşık Makinesi,vestel,Vestel,20263207,Vestel BM 5001 RS 5 Programlı Bulaşık Makinesi
bulasik_makinesi,Bulaşık Makinesi,vestel,Vestel,20267373,Vestel BM 6312 WIFI Bulaşık Makinesi
bulasik_makinesi,Bulaşık Makinesi,vestel,Vestel,20267375,Vestel BM 8412 GI Pro WIFI Bulaşık Makinesi
bulasik_makinesi,Bulaşık Makinesi,vestel,Vestel,20267374,Vestel BM 6312 X WIFI Bulaşık Makinesi
bulasik_makinesi,Bulaşık Makinesi,vestel,Vestel,20263203,Vestel BM 5001 G 5 Programlı Bulaşık Makinesi
bulasik_makinesi,Bulaşık Makinesi,vestel,Vestel,20350396,Vestel BM 53122 WIFI Bulaşık Makinesi
firin_ocak,Fırın ve Ocaklar,beko,Beko,7779420286,BFC 632 B
firin_ocak,Fırın ve Ocaklar,beko,Beko,7779420274,BFC 431 B
firin_ocak,Fırın ve Ocaklar,beko,Beko,7779420232,BFC 631 B
firin_ocak,Fırın ve Ocaklar,beko,Beko,7779420233,BFC 631 S
firin_ocak,Fırın ve Ocaklar,beko,Beko,7779420234,BFC 631 G
firin_ocak,Fırın ve Ocaklar,beko,Beko,7768270184,BFC 330 B
firin_ocak,Fırın ve Ocaklar,beko,Beko,7768270191,BFC 330 S
firin_ocak,Fırın ve Ocaklar,beko,Beko,7779420240,BFC 330 G
firin_ocak,Fırın ve Ocaklar,beko,Beko,7779420221,BFM 310 B
firin_ocak,Fırın ve Ocaklar,beko,Beko,7779420226,BFM 310 S
firin_ocak,Fırın ve Ocaklar,arcelik,ARÇELİK,7779420287,AFC 362 B
firin_ocak,Fırın ve Ocaklar,arcelik,ARÇELİK,7768280102,AFC 341 B
firin_ocak,Fırın ve Ocaklar,arcelik,ARÇELİK,7768270202,AFC 361 B
firin_ocak,Fırın ve Ocaklar,arcelik,ARÇELİK,7768270201,AFC 361 S
firin_ocak,Fırın ve Ocaklar,arcelik,ARÇELİK,7768270185,AFC 330 B
firin_ocak,Fırın ve Ocaklar,arcelik,ARÇELİK,7768270190,AFC 330 S
firin_ocak,Fırın ve Ocaklar,arcelik,ARÇELİK,7768270204,AFC 330 G
firin_ocak,Fırın ve Ocaklar,arcelik,ARÇELİK,7768270162,AFM 130 B
firin_ocak,Fırın ve Ocaklar,arcelik,ARÇELİK,7768270165,AFM 130 S
firin_ocak,Fırın ve Ocaklar,arcelik,ARÇELİK,7768270161,AFM 130 I
firin_ocak,Fırın ve Ocaklar,bosch,Bosch,HBG7764B1,Serie 8 Ankastre Fırın 60 x 60 cm Siyah
firin_ocak,Fırın ve Ocaklar,bosch,Bosch,HRG7361B1,Serie 8 Buhar Destekli Ankastre Fırın 60 x 60 cm Siyah
firin_ocak,Fırın ve Ocaklar,bosch,Bosch,CMG7241B1,Serie 8 Mikrodalga Fonksiyonlu Kompakt Ankastre Fırın 60 x 45 cm Siyah
firin_ocak,Fırın ve Ocaklar,bosch,Bosch,HBG7563B1,Serie 8 Ankastre Fırın 60 x 60 cm Siyah
firin_ocak,Fırın ve Ocaklar,bosch,Bosch,HBG7341W1,Serie 8 Ankastre Fırın 60 x 60 cm Beyaz
firin_ocak,Fırın ve Ocaklar,bosch,Bosch,HBG7341B1,Serie 8 Ankastre Fırın 60 x 60 cm Siyah
firin_ocak,Fırın ve Ocaklar,bosch,Bosch,HBJ559EB6T,Serie 6 Ankastre Fırın 60 x 60 cm Siyah
firin_ocak,Fırın ve Ocaklar,bosch,Bosch,HBJ559EH6T,Serie 6 Ankastre Fırın 60 x 60 cm
firin_ocak,Fırın ve Ocaklar,bosch,Bosch,HBJ559EW6T,Serie 6 Ankastre Fırın 60 x 60 cm Beyaz
firin_ocak,Fırın ve Ocaklar,bosch,Bosch,HJG852YB0T,Serie 6 Ankastre Fırın 60 x 60 cm Siyah
firin_ocak,Fırın ve Ocaklar,siemens,Siemens,HB776G1B1,iQ700 Ankastre Fırın 60 x 60 cm Siyah
firin_ocak,Fırın ve Ocaklar,siemens,Siemens,HB734G1B1,iQ700 Ankastre Fırın 60 x 60 cm Siyah
firin_ocak,Fırın ve Ocaklar,siemens,Siemens,HB557JEB6T,iQ500 Ankastre Fırın 60 x 60 cm Siyah
firin_ocak,Fırın ve Ocaklar,siemens,Siemens,HJ852GYB0T,iQ500 Ankastre Fırın 60 x 60 cm Siyah
firin_ocak,Fırın ve Ocaklar,siemens,Siemens,HJ852GYN0T,iQ500 Ankastre Fırın 60 x 60 cm
firin_ocak,Fırın ve Ocaklar,siemens,Siemens,HJ852GYW0T,iQ500 Ankastre Fırın 60 x 60 cm Beyaz
firin_ocak,Fırın ve Ocaklar,siemens,Siemens,HB012FBB1T,iQ100 Ankastre Fırın 60 x 60 cm Siyah
firin_ocak,Fırın ve Ocaklar,siemens,Siemens,HB012FBH1T,iQ100 Ankastre Fırın 60 x 60 cm
firin_ocak,Fırın ve Ocaklar,siemens,Siemens,HB012FBW1T,iQ100 Ankastre Fırın 60 x 60 cm Beyaz
firin_ocak,Fırın ve Ocaklar,siemens,Siemens,HB011FBA1T,iQ100 Ankastre Fırın 60 x 60 cm Siyah
firin_ocak,Fırın ve Ocaklar,vestel,Vestel,20263473,Vestel MD-20 YMB Mikrodalga Fırın
firin_ocak,Fırın ve Ocaklar,vestel,Vestel,20261660,Vestel MF 42 MB Mini Fırın
firin_ocak,Fırın ve Ocaklar,vestel,Vestel,20261661,Vestel MF 42 MG Mini Fırın
firin_ocak,Fırın ve Ocaklar,vestel,Vestel,20263605,Vestel MD 20 YDB Mikrodalga Fırın
firin_ocak,Fırın ve Ocaklar,vestel,Vestel,20263000,Vestel MD 20 YDS Mikrodalga Fırın
firin_ocak,Fırın ve Ocaklar,vestel,Vestel,20265467,Vestel SF 8400 DG 4 Gözü Gazlı A Enerji Sınıfı Solo Fırın
firin_ocak,Fırın ve Ocaklar,vestel,Vestel,20263604,Vestel MD 20 YDG Mikrodalga Fırın
firin_ocak,Fırın ve Ocaklar,vestel,Vestel,20265423,Vestel MD 20 YMS Mikrodalga Fırın
firin_ocak,Fırın ve Ocaklar,vestel,Vestel,20265357,Vestel MD 20 YD Retro Bordo Mikrodalga Fırın
firin_ocak,Fırın ve Ocaklar,vestel,Vestel,20269392,Vestel SF 84011 DG 4 Gözü Gazlı A Enerji Sınıfı Solo Fırın
camasir_makinesi,Çamaşır Makinesi,samsung,Samsung,ww8400d-front-loading-smartthings-ai-energy-made-a-xx-percent-extra-energy-efficiency-ai-ecobubble-11kg-white-ww11db8b95ghah,Bespoke AI Çamaşır Makinesi AI Yıkama 11kg
camasir_makinesi,Çamaşır Makinesi,samsung,Samsung,dv8000d-dryer-a-energy-efficiency-rating-ai-dry-plus-quickdrive-10kg-white-dv10db8440ghah,Bespoke AI Kurutma Makinesi QuickDrive™ 10kg
camasir_makinesi,Çamaşır Makinesi,samsung,Samsung,wd8000dk-combo-all-in-one-combo-super-speed-18kg-gray-wd18db8995bzah,Bespoke AI Kurutmalı Çamaşır Makinesi AI Home 18kg 11kg
camasir_makinesi,Çamaşır Makinesi,samsung,Samsung,wd8400d-11kg-plus-6kg-white-wd11db8b85ghah,Kurutmalı Çamaşır Makinesi AI Yıkama 11kg + 6kg
camasir_makinesi,Çamaşır Makinesi,samsung,Samsung,df7000cm-dryer-dual-airwash-dual-jetsteam-bulky-care-silver-df24cb9900crah,Giysi Bakım Dolabı (AirDresser) İkili Jet Buharı ve AI Kurutma
camasir_makinesi,Çamaşır Makinesi,samsung,Samsung,ww7000d-front-loading-smartthings-ai-energy-made-a-20-percent-extra-energy-efficiency-ai-ecobubble-11kg-white-ww11db7b34geah,Bespoke AI Çamaşır Makinesi AI Ecobubble™ 11kg
camasir_makinesi,Çamaşır Makinesi,samsung,Samsung,ww6000d-front-loading-smartthings-ai-energy-mode-a-10-percent-extra-energy-efficiency-11kg-essential-white-ww11dg6b25leah,Çamaşır Makinesi AI EcoBubble™ 11kg
camasir_makinesi,Çamaşır Makinesi,samsung,Samsung,dv6000d-dryer-a-energy-efficiency-rating-ai-dry-plus-ai-control-10kg-white-dv10dg6440leah,Kurutma Makinesi AI Kurutma 10kg
camasir_makinesi,Çamaşır Makinesi,samsung,Samsung,wd5000d-11kg-plus-6kg-white-wd11dg5b15beah,Kurutmalı Çamaşır Makinesi AI Ecobubble™ 11kg + 6kg
camasir_makinesi,Çamaşır Makinesi,samsung,Samsung,wd5000t-front-loading-air-wash-drum-clean-bubble-soak-9kg-plus-6kg-white-wd90ta046be1ah,Kurutmalı Çamaşır Makinesi EcoBubble™ 9kg + 6kg
camasir_makinesi,Çamaşır Makinesi,beko,Beko,457100000016,CMX 10120
camasir_makinesi,Çamaşır Makinesi,beko,Beko,457100000018,CMXD 9120
camasir_makinesi,Çamaşır Makinesi,beko,Beko,7004440032,CMXT 9120
camasir_makinesi,Çamaşır Makinesi,beko,Beko,7131950100,CMB 9120 OG
camasir_makinesi,Çamaşır Makinesi,beko,Beko,457100006700,CMXD 9100
camasir_makinesi,Çamaşır Makinesi,beko,Beko,457100000010,CMX 10120 S
camasir_makinesi,Çamaşır Makinesi,beko,Beko,457100000025,CMX 12140
camasir_makinesi,Çamaşır Makinesi,beko,Beko,7131970100,CMB 10120 OB
camasir_makinesi,Çamaşır Makinesi,beko,Beko,457100000021,CMX 11140
camasir_makinesi,Çamaşır Makinesi,beko,Beko,457100000009,CMX 8100
camasir_makinesi,Çamaşır Makinesi,arcelik,ARÇELİK,457100000020,9120 DMX
camasir_makinesi,Çamaşır Makinesi,arcelik,ARÇELİK,457100000011,10120 MX
camasir_makinesi,Çamaşır Makinesi,arcelik,ARÇELİK,7175750900,9140 MP OG
camasir_makinesi,Çamaşır Makinesi,arcelik,ARÇELİK,457100000035,8100 MX
camasir_makinesi,Çamaşır Makinesi,arcelik,ARÇELİK,457100000019,9120 DMXS
camasir_makinesi,Çamaşır Makinesi,arcelik,ARÇELİK,457100034700,9120 TMX
camasir_makinesi,Çamaşır Makinesi,arcelik,ARÇELİK,457100007200,9100 DMX
camasir_makinesi,Çamaşır Makinesi,arcelik,ARÇELİK,457100000015,10120 MXS
camasir_makinesi,Çamaşır Makinesi,arcelik,ARÇELİK,7170520100,10120 IMP
camasir_makinesi,Çamaşır Makinesi,arcelik,ARÇELİK,7115421400,9120 MP O
camasir_makinesi,Çamaşır Makinesi,bosch,Bosch,WGK264ZRTR,"Serie 6 Çamaşır Makinesi 11 kg maks. 1400 dev./dak., Antrasit"
camasir_makinesi,Çamaşır Makinesi,bosch,Bosch,WGK264F0TR,Serie 6 Çamaşır Makinesi 11 kg maks. 1400 dev./dak.
camasir_makinesi,Çamaşır Makinesi,bosch,Bosch,WGK252ZXTR,"Serie 6 Çamaşır Makinesi 10 kg maks. 1200 dev./dak., Gümüş"
camasir_makinesi,Çamaşır Makinesi,bosch,Bosch,WGK264Y0TR,Serie 6 Çamaşır Makinesi 11 kg maks. 1400 dev./dak.
camasir_makinesi,Çamaşır Makinesi,bosch,Bosch,WGK254Y0TR,Serie 6 Çamaşır Makinesi 10 kg maks. 1400 dev./dak.
camasir_makinesi,Çamaşır Makinesi,bosch,Bosch,WGK264Z0TR,Serie 6 Çamaşır Makinesi 11 kg maks. 1400 dev./dak.
camasir_makinesi,Çamaşır Makinesi,bosch,Bosch,WGA244Z1TR,Serie 4 Çamaşır Makinesi 9 kg maks. 1400 dev./dak.
camasir_makinesi,Çamaşır Makinesi,bosch,Bosch,WGK252Z0TR,Serie 6 Çamaşır Makinesi 10 kg maks. 1200 dev./dak.
camasir_makinesi,Çamaşır Makinesi,bosch,Bosch,WGK242ZXTR,"Serie 6 Çamaşır Makinesi 9 kg maks. 1200 dev./dak., Gümüş"
camasir_makinesi,Çamaşır Makinesi,bosch,Bosch,WGK244Z0TR,Serie 6 Çamaşır Makinesi 9 kg maks. 1400 dev./dak.
camasir_makinesi,Çamaşır Makinesi,siemens,Siemens,WG44B2A0TR,iQ700 Çamaşır Makinesi 9 kg maks. 1400 dev./dak.
camasir_makinesi,Çamaşır Makinesi,siemens,Siemens,WG64K2ZRTR,"iQ500 Çamaşır Makinesi 11 kg maks. 1400 dev./dak., Antrasit"
camasir_makinesi,Çamaşır Makinesi,siemens,Siemens,WG64K2F0TR,iQ500 Çamaşır Makinesi 11 kg maks. 1400 dev./dak.
camasir_makinesi,Çamaşır Makinesi,siemens,Siemens,WG52K2ZXTR,"iQ500 Çamaşır Makinesi 10 kg maks. 1200 dev./dak., Gümüş"
camasir_makinesi,Çamaşır Makinesi,siemens,Siemens,WG64K2Y0TR,iQ500 Çamaşır Makinesi 11 kg maks. 1400 dev./dak.
camasir_makinesi,Çamaşır Makinesi,siemens,Siemens,WG54K2Y0TR,iQ500 Çamaşır Makinesi 10 kg maks. 1400 dev./dak.
camasir_makinesi,Çamaşır Makinesi,siemens,Siemens,WG64K2Z0TR,iQ500 Çamaşır Makinesi 11 kg maks. 1400 dev./dak.
camasir_makinesi,Çamaşır Makinesi,siemens,Siemens,WG44A2Z1TR,iQ300 Çamaşır Makinesi 9 kg maks. 1400 dev./dak.
camasir_makinesi,Çamaşır Makinesi,siemens,Siemens,WG52K2Z0TR,iQ500 Çamaşır Makinesi 10 kg maks. 1200 dev./dak.
camasir_makinesi,Çamaşır Makinesi,siemens,Siemens,WG52K2Z1TR,iQ500 Çamaşır Makinesi 10 kg maks. 1200 dev./dak.
camasir_makinesi,Çamaşır Makinesi,vestel,Vestel,20350198,Vestel CMI 97402 WIFI 9 Kg 1000 Devir Çamaşır Makinesi
camasir_makinesi,Çamaşır Makinesi,vestel,Vestel,20350194,Vestel CMI 107422 10 Kg 1200 Devir Çamaşır Makinesi
camasir_makinesi,Çamaşır Makinesi,vestel,Vestel,20350190,Vestel CMI 128442 WIFI 12 Kg 1400 Devir Çamaşır Makinesi
camasir_makinesi,Çamaşır Makinesi,vestel,Vestel,20350192,Vestel CMI 108442 WIFI 10 Kg 1400 Devir Çamaşır Makinesi
camasir_makinesi,Çamaşır Makinesi,vestel,Vestel,20263223,Vestel CMI 109242 KX WIFI 10 Kg 1400 Devir Çamaşır Makinesi
camasir_makinesi,Çamaşır Makinesi,vestel,Vestel,20350196,Vestel CMI 97422 WIFI  9 Kg 1200 Devir Çamaşır Makinesi
camasir_makinesi,Çamaşır Makinesi,vestel,Vestel,20350199,Vestel CMI 87402 WIFI 8 Kg 1000 Devir Çamaşır Makinesi
camasir_makinesi,Çamaşır Makinesi,vestel,Vestel,20264688,Vestel CMI 99342 KX WIFI 9 Kg 1400 Devir Çamaşır Makinesi
camasir_makinesi,Çamaşır Makinesi,vestel,Vestel,20350197,Vestel CMI 97402 G WIFI 9 Kg 1000 Devir Çamaşır Makinesi
camasir_makinesi,Çamaşır Makinesi,vestel,Vestel,20350195,Vestel CMI 97422 G WIFI 9 Kg 1200 Devir Çamaşır Makinesi
kurutma_makinesi,Çamaşır Kurutma Makinesi,beko,Beko,7188870280,KMX 1001
kurutma_makinesi,Çamaşır Kurutma Makinesi,beko,Beko,7188270250,KMB 901 I
kurutma_makinesi,Çamaşır Kurutma Makinesi,beko,Beko,7184270240,KMX 1201
kurutma_makinesi,Çamaşır Kurutma Makinesi,beko,Beko,7188270270,KMX 1101
kurutma_makinesi,Çamaşır Kurutma Makinesi,beko,Beko,7188220280,KMB 901 IG
kurutma_makinesi,Çamaşır Kurutma Makinesi,beko,Beko,7188220290,KMB 1001 HB
kurutma_makinesi,Çamaşır Kurutma Makinesi,beko,Beko,457000018100,CMB 1280 YKIG
kurutma_makinesi,Çamaşır Kurutma Makinesi,beko,Beko,7188270290,KMX 1001 S
kurutma_makinesi,Çamaşır Kurutma Makinesi,beko,Beko,7188870290,KMX 91
kurutma_makinesi,Çamaşır Kurutma Makinesi,beko,Beko,7184270220,KMB 1011 IG
kurutma_makinesi,Çamaşır Kurutma Makinesi,arcelik,ARÇELİK,7188270150,901 KMP I
kurutma_makinesi,Çamaşır Kurutma Makinesi,arcelik,ARÇELİK,7184270110,1001 KMX
kurutma_makinesi,Çamaşır Kurutma Makinesi,arcelik,ARÇELİK,7188270180,901 KMP IG
kurutma_makinesi,Çamaşır Kurutma Makinesi,arcelik,ARÇELİK,7188270170,1001 KMX S
kurutma_makinesi,Çamaşır Kurutma Makinesi,arcelik,ARÇELİK,7184270100,1101 KMX
kurutma_makinesi,Çamaşır Kurutma Makinesi,arcelik,ARÇELİK,7188270160,901 KMX S
kurutma_makinesi,Çamaşır Kurutma Makinesi,arcelik,ARÇELİK,7184270190,1002 KMP HA
kurutma_makinesi,Çamaşır Kurutma Makinesi,arcelik,ARÇELİK,7184270230,1201 KMX
kurutma_makinesi,Çamaşır Kurutma Makinesi,arcelik,ARÇELİK,7184270150,1011 KMP IG
kurutma_makinesi,Çamaşır Kurutma Makinesi,arcelik,ARÇELİK,7184170120,802 KMX
kurutma_makinesi,Çamaşır Kurutma Makinesi,bosch,Bosch,WQB245AXTR,Serie 8 Isı Pompalı Kurutma Makinesi 9 kg Gümüş
kurutma_makinesi,Çamaşır Kurutma Makinesi,bosch,Bosch,WQB245A0TR,Serie 8 Isı Pompalı Kurutma Makinesi 9 kg
kurutma_makinesi,Çamaşır Kurutma Makinesi,bosch,Bosch,WQJ2520RTR,Serie 6 Isı Pompalı Kurutma Makinesi 10 kg Antrasit
kurutma_makinesi,Çamaşır Kurutma Makinesi,bosch,Bosch,WQK25200TR,Serie 6 Isı Pompalı Kurutma Makinesi 10 kg
kurutma_makinesi,Çamaşır Kurutma Makinesi,bosch,Bosch,WQJ2420XTR,Serie 6 Isı Pompalı Kurutma Makinesi 9 kg Gümüş
kurutma_makinesi,Çamaşır Kurutma Makinesi,bosch,Bosch,WQK242C0TR,Serie 6 Isı Pompalı Kurutma Makinesi 9 kg
kurutma_makinesi,Çamaşır Kurutma Makinesi,bosch,Bosch,WQG25201TR,Serie 4 Isı Pompalı Kurutma Makinesi 10 kg
kurutma_makinesi,Çamaşır Kurutma Makinesi,bosch,Bosch,WQJ24200TR,Serie 6 Isı Pompalı Kurutma Makinesi 9 kg
kurutma_makinesi,Çamaşır Kurutma Makinesi,bosch,Bosch,WQA24201TR,Serie 4 Isı Pompalı Kurutma Makinesi 9 kg
kurutma_makinesi,Çamaşır Kurutma Makinesi,bosch,Bosch,WTH22202TR,Serie 4 Isı Pompalı Kurutma Makinesi 8 kg
kurutma_makinesi,Çamaşır Kurutma Makinesi,siemens,Siemens,WQ45B2AXTR,iQ700 Isı Pompalı Kurutma Makinesi 9 kg Gümüş
kurutma_makinesi,Çamaşır Kurutma Makinesi,siemens,Siemens,WQ45B2A0TR,iQ700 Isı Pompalı Kurutma Makinesi 9 kg
kurutma_makinesi,Çamaşır Kurutma Makinesi,siemens,Siemens,WQ52J20RTR,iQ500 Isı Pompalı Kurutma Makinesi 10 kg Antrasit
kurutma_makinesi,Çamaşır Kurutma Makinesi,siemens,Siemens,WQ52K200TR,iQ500 Isı Pompalı Kurutma Makinesi 10 kg
kurutma_makinesi,Çamaşır Kurutma Makinesi,siemens,Siemens,WQ42J20XTR,iQ500 Isı Pompalı Kurutma Makinesi 9 kg Gümüş
kurutma_makinesi,Çamaşır Kurutma Makinesi,siemens,Siemens,WQ43J2C0TR,iQ500 Isı Pompalı Kurutma Makinesi 9 kg
kurutma_makinesi,Çamaşır Kurutma Makinesi,siemens,Siemens,WQ42J200TR,iQ500 Isı Pompalı Kurutma Makinesi 9 kg
kurutma_makinesi,Çamaşır Kurutma Makinesi,siemens,Siemens,WQ52G201TR,iQ300 Isı Pompalı Kurutma Makinesi 10 kg
kurutma_makinesi,Çamaşır Kurutma Makinesi,siemens,Siemens,WQ42A201TR,iQ300 Isı Pompalı Kurutma Makinesi 9 kg
kurutma_makinesi,Çamaşır Kurutma Makinesi,siemens,Siemens,WT00H201TR,iQ300 Isı Pompalı Kurutma Makinesi 8 kg
kurutma_makinesi,Çamaşır Kurutma Makinesi,vestel,Vestel,20350376,Vestel  KM 97402 WIFI 9 Kg Kurutma Makinesi
kurutma_makinesi,Çamaşır Kurutma Makinesi,vestel,Vestel,20350377,Vestel  KM 107402 WIFI 10 Kg Kurutma Makinesi
kurutma_makinesi,Çamaşır Kurutma Makinesi,vestel,Vestel,20350379,Vestel  KMI 98402 WIFI 9 Kg Kurutma Makinesi
kurutma_makinesi,Çamaşır Kurutma Makinesi,vestel,Vestel,20350381,Vestel  KMI 108402 WIFI 10 Kg Kurutma Makinesi
kurutma_makinesi,Çamaşır Kurutma Makinesi,vestel,Vestel,20350380,Vestel  KMI 98402 G WIFI 9 Kg Kurutma Makinesi
kurutma_makinesi,Çamaşır Kurutma Makinesi,vestel,Vestel,20350375,Vestel  KM 87402 WIFI 8 Kg Kurutma Makinesi
kurutma_makinesi,Çamaşır Kurutma Makinesi,vestel,Vestel,20350383,Vestel  KMI 108402 MS WIFI 10 Kg Kurutma Makinesi
kurutma_makinesi,Çamaşır Kurutma Makinesi,vestel,Vestel,20350374,Vestel  KM 77402 WIFI 7 Kg Kurutma Makinesi
kurutma_makinesi,Çamaşır Kurutma Makinesi,vestel,Vestel,20350414,Vestel  KMI 98402 S WIFI 9 Kg Kurutma Makinesi
kurutma_makinesi,Çamaşır Kurutma Makinesi,vestel,Vestel,20350378,Vestel  KM 98402 G GI Pro WIFI  9 Kg Kurutma Makinesi
klima,Klima,samsung,Samsung,ar80h-ar80h-ai-motion-wind-ai-fast-comfort-cooling-ar70h24cacw-sk,Bespoke AI WindFree Pro Duvar Tipi Split Klima 24.000 BTU
klima,Klima,samsung,Samsung,ar80h-ar80h-ai-motion-wind-ai-fast-comfort-cooling-ar70h18cacb-sk,Bespoke AI WindFree Pro Black Duvar Tipi Split Klima 18.000 BTU
klima,Klima,samsung,Samsung,ar80h-ar80h-ai-motion-wind-ai-fast-comfort-cooling-ar80h18caaw-sk,Bespoke AI WindFree Pro Elite PM 1.0 Duvar Tipi Split Klima 18.000 BTU
klima,Klima,samsung,Samsung,ar5000hm-ar40f12c0bm-sk-wind-free-ar5000hm-ar40f24c0bm-sk,Duvar Tipi Split Klima AR40 Dijital Inverter 24.000 BTU
klima,Klima,samsung,Samsung,ar5000hm-ar40f12c0bm-sk-wind-free-ar5000hm-ar40f24c0am-sk,Duvar Tipi Split Klima AR40 Dijital Inverter 24.000 BTU
klima,Klima,samsung,Samsung,ar9500t-ar70f12caawneu-ai-fast---comfort-cooling--ai-fast---comfort-cooling--comfort-drying-for-cold-free-dehumidification-ar70f09c1db-sk,Bespoke AI WindFree Premium Black Duvar Tipi Split Klima AI WindFree 9.000 BTU
klima,Klima,samsung,Samsung,ar9500t-ar70f12caawneu-ai-fast---comfort-cooling--ai-fast---comfort-cooling--comfort-drying-for-cold-free-dehumidification-ar60f18c1kw-sk,Bespoke AI WindFree Duvar Tipi Split Klima 18.000 BTU
klima,Klima,samsung,Samsung,ar9500t-ar70f12caawneu-ai-fast---comfort-cooling--ai-fast---comfort-cooling--comfort-drying-for-cold-free-dehumidification-ar60f09caaw-sk,Bespoke AI WindFree Premium Plus Duvar Tipi Split Klima AI WindFree 9.000 BTU
klima,Klima,samsung,Samsung,ar9500t-ar70f12caawneu-ai-fast---comfort-cooling--ai-fast---comfort-cooling--comfort-drying-for-cold-free-dehumidification-ar80f09caaw-sk,Bespoke AI WindFree Elite PM 1.0 Duvar Tipi Split Klima AI WindFree 9.000 BTU
klima,Klima,samsung,Samsung,cac-packaged-air-conditioner-ac140bnpdkh-tk,Salon Tipi Klima (PAC)
klima,Klima,beko,Beko,8505561200,74826
klima,Klima,beko,Beko,8511191200,21220 P
klima,Klima,beko,Beko,8510831200,73426 Monofaze Inverter Salon Tipi Klima
klima,Klima,beko,Beko,8808751200,31525
klima,Klima,beko,Beko,8868481200,32425 EKOLOJİK
klima,Klima,beko,Beko,9209721200,31525 S
klima,Klima,beko,Beko,9208011200,61270
klima,Klima,beko,Beko,9207931200,71270 AL
klima,Klima,beko,Beko,9215521200,32626
klima,Klima,beko,Beko,9217341200,75526
klima,Klima,arcelik,ARÇELİK,8866271100,18325 EKOLOJİK
klima,Klima,arcelik,ARÇELİK,9209361100,09325 A
klima,Klima,arcelik,ARÇELİK,9208011100,12670
klima,Klima,arcelik,ARÇELİK,8511191100,12220 P
klima,Klima,arcelik,ARÇELİK,8510851100,34726 Monofaze Inverter Salon Tipi Klima
klima,Klima,arcelik,ARÇELİK,9209721100,15325 S
klima,Klima,arcelik,ARÇELİK,9215521100,26326
klima,Klima,arcelik,ARÇELİK,8868301100,A24D30
klima,Klima,arcelik,ARÇELİK,8866251100,24325 EKOLOJİK
klima,Klima,arcelik,ARÇELİK,9205831100,07325 A
klima,Klima,bosch,Bosch,ASX18XB32N,"Klima, Ev Tipi ,"
klima,Klima,bosch,Bosch,ASI18XB32N,", , ,"
klima,Klima,bosch,Bosch,ASI12XB32N,", , ,"
klima,Klima,bosch,Bosch,ASI09VW32N,", , ,"
klima,Klima,bosch,Bosch,ASI24VW32N,", , ,"
klima,Klima,bosch,Bosch,ASI12VW32N,", , ,"
klima,Klima,siemens,Siemens,AS12XVW32N,"Klima, Ev Tipi ,"
klima,Klima,siemens,Siemens,AS12IVW32N,"Klima, Ev Tipi ,"
klima,Klima,siemens,Siemens,AS09IVW32N,"Klima, Ev Tipi ,"
klima,Klima,siemens,Siemens,AS12IXB32N,"Klima, Ev Tipi ,"
klima,Klima,siemens,Siemens,AS18IVW32N,"Klima, Ev Tipi ,"
klima,Klima,siemens,Siemens,AS18IXB32N,"Klima, Ev Tipi ,"
klima,Klima,vestel,Vestel,20235131,Vestel Flora Doğa Inverter 126 A++ WIFI Klima
klima,Klima,vestel,Vestel,20235138,Vestel Flora Doğa Inverter 186 A++ WIFI Klima
klima,Klima,vestel,Vestel,20234975,Vestel Buzz Inverter 124 A++ WIFI Klima
klima,Klima,vestel,Vestel,20235141,Vestel Flora Doğa Inverter 246 A++ WIFI Klima
klima,Klima,vestel,Vestel,20235128,Vestel Flora Doğa Inverter 096 A++ WIFI Klima
klima,Klima,vestel,Vestel,20234476,Vestel Nova Inverter 122 GI Pro 12000 BTU WIFI Klima
klima,Klima,vestel,Vestel,20235134,Vestel Flora Doğa Inverter 156 A++ WIFI Klima
klima,Klima,vestel,Vestel,20235125,Vestel Flora Doğa Inverter 074 A++ WIFI Klima
klima,Klima,vestel,Vestel,20234522,Vestel Nova Inverter 182 GI Pro 18000 BTU WIFI Klima
klima,Klima,vestel,Vestel,20234727,Vestel NEFES INVERTER 122 GI Pro 12000 BTU WIFI Klima
elektrikli_supurge,Elektrikli Süpürge,samsung,Samsung,bespoke-ai-jet-ultra-elite-extra-black-vs90f40dak-tr,Bespoke AI Jet Ultra Elite Extra 400W Emiş Gücü
elektrikli_supurge,Elektrikli Süpürge,samsung,Samsung,bespoke-ai-jet-lite-complete-gray-vs80f28dfp-tr,Bespoke AI Jet Lite Complete 280W Emiş Gücü
elektrikli_supurge,Elektrikli Süpürge,samsung,Samsung,vs9000rl-stick-more-advance-cleaning-performance-digital-inverter-motor-jet-cyclone-silver-vs20b75acr5-tr,Jet 75E Complete 200W Emiş Gücü
elektrikli_supurge,Elektrikli Süpürge,samsung,Samsung,hand-stick-violet-vs15a6031r4-tr,Jet 60 Turbo 150W Emiş Gücü
elektrikli_supurge,Elektrikli Süpürge,samsung,Samsung,jet-bot-accessory-vca-rdb95-vt,Bespoke Jet Bot Combo™ AI Robot Süpürge Toz Torbası (5 adet)
elektrikli_supurge,Elektrikli Süpürge,samsung,Samsung,bespoke-jet-clean-station-dust-disposal-bag-5pcs-vca-adb952,Bespoke Jet™ Temizlik İstasyonu Toz Boşaltma Torbası (5 adet)
elektrikli_supurge,Elektrikli Süpürge,samsung,Samsung,jet-75e-accessory-pet-tool-vca-pta95-vt,Evcil Hayvan Başlığı
elektrikli_supurge,Elektrikli Süpürge,samsung,Samsung,jet-vc-renewal-accessory-battery2-vca-sapc97s-wa,Bespoke JET™ AI 250W BATARYA ve ŞARJ ADAPTÖRÜ
elektrikli_supurge,Elektrikli Süpürge,samsung,Samsung,bespoke-jet-battery-vca-sbta95-vt,JET 85 BATARYA
elektrikli_supurge,Elektrikli Süpürge,samsung,Samsung,vs6700-vs7000-battery-vca-sbta60-vt,JET 60 / JET 75 BATARYA
elektrikli_supurge,Elektrikli Süpürge,beko,Beko,8835771200,BKS 2540 T
elektrikli_supurge,Elektrikli Süpürge,beko,Beko,8914131200,UltraForce® 3.0 TSZ 5282 T
elektrikli_supurge,Elektrikli Süpürge,beko,Beko,8813101200,UltraForce® 2.0 BKS 5564
elektrikli_supurge,Elektrikli Süpürge,beko,Beko,8834241200,BKS 2540 TRB 5986 Toz Torbası
elektrikli_supurge,Elektrikli Süpürge,beko,Beko,8917511200,HydroTrio™  Pro VRW 90421 VD
elektrikli_supurge,Elektrikli Süpürge,beko,Beko,8832671200,BKK 1194
elektrikli_supurge,Elektrikli Süpürge,beko,Beko,8813081200,TRB 5986 B
elektrikli_supurge,Elektrikli Süpürge,beko,Beko,8904520240,BKS 9118 Robotto
elektrikli_supurge,Elektrikli Süpürge,beko,Beko,8913671200,UltraForce® TSZ 2282
elektrikli_supurge,Elektrikli Süpürge,beko,Beko,8915681200,PowerClean® Pro 3.0 VRT 97325 VY
elektrikli_supurge,Elektrikli Süpürge,arcelik,ARÇELİK,990427100088,Imperium® Slim 3.0 SDI 9524
elektrikli_supurge,Elektrikli Süpürge,arcelik,ARÇELİK,8904520100,S 7610 Robotto
elektrikli_supurge,Elektrikli Süpürge,arcelik,ARÇELİK,8914131100,Comfort-X™ 3.0 TSZ 6282 T
elektrikli_supurge,Elektrikli Süpürge,arcelik,ARÇELİK,8918441100,Imperium® Robo 4.0 RS 9551
elektrikli_supurge,Elektrikli Süpürge,arcelik,ARÇELİK,8919431100,Imperium® Slim 1.0 SDI 3575
elektrikli_supurge,Elektrikli Süpürge,arcelik,ARÇELİK,8918411100,STSZ 9525
elektrikli_supurge,Elektrikli Süpürge,arcelik,ARÇELİK,8919451100,RS 6121
elektrikli_supurge,Elektrikli Süpürge,arcelik,ARÇELİK,8919461100,RS 6131
elektrikli_supurge,Elektrikli Süpürge,arcelik,ARÇELİK,8813101100,Comfort-X™ 2.0 S 7564
elektrikli_supurge,Elektrikli Süpürge,arcelik,ARÇELİK,8813081100,TRB 6986 B
elektrikli_supurge,Elektrikli Süpürge,bosch,Bosch,BCRDW3BX,Robot Süpürge Spotless Max Cam
elektrikli_supurge,Elektrikli Süpürge,bosch,Bosch,BCRD2W,Robot Süpürge Spotless Advanced +
elektrikli_supurge,Elektrikli Süpürge,bosch,Bosch,BCS1041WAC,Şarjlı Süpürge Unlimited 10 Beyaz
elektrikli_supurge,Elektrikli Süpürge,bosch,Bosch,BCRC2W,Robot Süpürge Spotless Advanced
elektrikli_supurge,Elektrikli Süpürge,bosch,Bosch,BCRC1W,Robot Süpürge Spotless
elektrikli_supurge,Elektrikli Süpürge,bosch,Bosch,BCS71HYG1,2'si 1 arada Süpürme ve Silme Unlimited 7 ProHygienic Aqua Beyaz
elektrikli_supurge,Elektrikli Süpürge,bosch,Bosch,BBS71HYGTR,2'si 1 arada Süpürme ve Silme Unlimited 7 ProHygienic Aqua Beyaz
elektrikli_supurge,Elektrikli Süpürge,bosch,Bosch,BCS931WBA,Şarjlı Süpürge Unlimited 9 Beyaz
elektrikli_supurge,Elektrikli Süpürge,bosch,Bosch,BCS712XXL,Şarjlı Süpürge Unlimited 7 Siyah
elektrikli_supurge,Elektrikli Süpürge,bosch,Bosch,BGS7POW2,Serie 8 Toz torbasız Süpürge ProPower Siyah
elektrikli_supurge,Elektrikli Süpürge,siemens,Siemens,VSM120HYG,Şarjlı Süpürge iQ500 Mavi
elektrikli_supurge,Elektrikli Süpürge,siemens,Siemens,VSX7XTRM,iQ700 Toz torbasız Süpürge Siyah
elektrikli_supurge,Elektrikli Süpürge,siemens,Siemens,VSM120XXL,Şarjlı Süpürge iQ500 Mavi
elektrikli_supurge,Elektrikli Süpürge,siemens,Siemens,VSC7SIL1,iQ700 Toz torbalı Süpürge Beyaz
elektrikli_supurge,Elektrikli Süpürge,siemens,Siemens,VSM120B,Şarjlı Süpürge iQ500 Mavi
elektrikli_supurge,Elektrikli Süpürge,siemens,Siemens,VSP3AAAA,Toz torbalı Süpürge iQ300 Plus Limited Edition Kırmızı
elektrikli_supurge,Elektrikli Süpürge,siemens,Siemens,VSX41XTRM,iQ500 Toz torbasız Süpürge Siyah
elektrikli_supurge,Elektrikli Süpürge,siemens,Siemens,VSX21A320,iQ300 Toz torbasız Süpürge Mavi
elektrikli_supurge,Elektrikli Süpürge,siemens,Siemens,VSX41A300,iQ500 Toz torbasız Süpürge Kırmızı
elektrikli_supurge,Elektrikli Süpürge,siemens,Siemens,VSC3A330,iQ300 Toz torbalı Süpürge Mavi
elektrikli_supurge,Elektrikli Süpürge,vestel,Vestel,20264754,VESTEL H30 M Elektrikli Süpürge
elektrikli_supurge,Elektrikli Süpürge,vestel,Vestel,20264755,VESTEL H20 K Elektrikli Süpürge
elektrikli_supurge,Elektrikli Süpürge,vestel,Vestel,20264757,Vestel S70 G Şarjlı Süpürge
elektrikli_supurge,Elektrikli Süpürge,vestel,Vestel,20264761,Vestel S30 B Şarjlı Süpürge
elektrikli_supurge,Elektrikli Süpürge,vestel,Vestel,20264632,VESTEL V-BOT PRO S Robot Süpürge
elektrikli_supurge,Elektrikli Süpürge,vestel,Vestel,20264760,Vestel S35 K Şarjlı Süpürge
elektrikli_supurge,Elektrikli Süpürge,vestel,Vestel,20264747,VESTEL T20 S Elektrikli Süpürge
elektrikli_supurge,Elektrikli Süpürge,vestel,Vestel,20264751,VESTEL H60 M Elektrikli Süpürge
elektrikli_supurge,Elektrikli Süpürge,vestel,Vestel,20264752,VESTEL H50 G Elektrikli Süpürge
elektrikli_supurge,Elektrikli Süpürge,vestel,Vestel,20264749,VESTEL H70 T Elektrikli Süpürge
blender,Blender / Kesici Aletler,beko,Beko,8910731200,TB 8180 CI Starlight™
blender,Blender / Kesici Aletler,beko,Beko,8919921200,KB 5534 TS
blender,Blender / Kesici Aletler,beko,Beko,8919931200,KB 5534 TP
blender,Blender / Kesici Aletler,beko,Beko,8912991200,KB 5234 T
blender,Blender / Kesici Aletler,beko,Beko,8918571200,KB 8408 Vitaminist® 5in1
blender,Blender / Kesici Aletler,arcelik,ARÇELİK,8913001100,KB 6234 T
blender,Blender / Kesici Aletler,arcelik,ARÇELİK,8919931100,KB 6534 TT
blender,Blender / Kesici Aletler,arcelik,ARÇELİK,8919921100,KB 6534 TM
blender,Blender / Kesici Aletler,arcelik,ARÇELİK,8912221100,TB 9285 CI
blender,Blender / Kesici Aletler,arcelik,ARÇELİK,8918571100,KB 9408 B-Fit 5in1®
blender,Blender / Kesici Aletler,bosch,Bosch,MMB6654B,Serie 6 High performance Blender VitaPower 1800 W Siyah
blender,Blender / Kesici Aletler,bosch,Bosch,MMB6177S,Serie 4 Blender VitaPower 1200 W Gümüş
blender,Blender / Kesici Aletler,bosch,Bosch,MMB2111M,Serie 2 Blender VitaPower 450 W Paslanmaz çelik
blender,Blender / Kesici Aletler,vestel,Vestel,20242585,Vestel Mix&Go Siyah Blender
blender,Blender / Kesici Aletler,vestel,Vestel,20242670,Vestel Mix&Go Pembe Blender
blender,Blender / Kesici Aletler,vestel,Vestel,20242240,Vestel Mix&Go Kırmızı Blender
blender,Blender / Kesici Aletler,vestel,Vestel,20242238,Vestel Mix&Go Yeşil Blender
blender,Blender / Kesici Aletler,vestel,Vestel,20242671,Vestel Mix&Go Inox Blender
blender,Blender / Kesici Aletler,vestel,Vestel,20244313,Vestel Mix&Go Şarj Edilebilir Siyah Blender
blender,Blender / Kesici Aletler,vestel,Vestel,20244314,Vestel Mix&Go Şarj Edilebilir Pembe Blender
blender,Blender / Kesici Aletler,vestel,Vestel,20244315,Vestel Mix&Go Şarj Edilebilir Mavi Blender
blender,Blender / Kesici Aletler,vestel,Vestel,20242585,Vestel Mix&Go Siyah Blender
blender,Blender / Kesici Aletler,vestel,Vestel,20242670,Vestel Mix&Go Pembe Blender
kucuk_ev_aleti,Elektrikli Küçük Ev Aletleri,beko,Beko,7489470200,TKM 8961 K Yeni Keyf Türk Kahve Makinesi
kucuk_ev_aleti,Elektrikli Küçük Ev Aletleri,beko,Beko,7489470202,TKM 8961 S Yeni Keyf Türk Kahve Makinesi
kucuk_ev_aleti,Elektrikli Küçük Ev Aletleri,beko,Beko,7489470201,TKM 8961 A Yeni Keyf Türk Kahve Makinesi
kucuk_ev_aleti,Elektrikli Küçük Ev Aletleri,beko,Beko,7489770263,BKK 2300 Mini Keyf Rose Gold
kucuk_ev_aleti,Elektrikli Küçük Ev Aletleri,beko,Beko,8813221200,BKK 2221 C Beko Dem® Çay Makinesi
kucuk_ev_aleti,Elektrikli Küçük Ev Aletleri,arcelik,ARÇELİK,7466000100,TKM 6448 Telve-X Sütlü
kucuk_ev_aleti,Elektrikli Küçük Ev Aletleri,arcelik,ARÇELİK,7465000102,TKM 3341 Telve-X Siyah
kucuk_ev_aleti,Elektrikli Küçük Ev Aletleri,arcelik,ARÇELİK,7489770133,K 3300 Mini Telve Beyaz
kucuk_ev_aleti,Elektrikli Küçük Ev Aletleri,arcelik,ARÇELİK,7465000101,TKM 3341 Telve-X Beyaz
kucuk_ev_aleti,Elektrikli Küçük Ev Aletleri,arcelik,ARÇELİK,7489770136,K 3300 Mini Telve Grion
kucuk_ev_aleti,Elektrikli Küçük Ev Aletleri,arcelik,ARÇELİK,7489470107,TKM 9961 G
kucuk_ev_aleti,Elektrikli Küçük Ev Aletleri,arcelik,ARÇELİK,7489770141,K 3300 LT
kucuk_ev_aleti,Elektrikli Küçük Ev Aletleri,arcelik,ARÇELİK,7489770140,K 3300 LS
kucuk_ev_aleti,Elektrikli Küçük Ev Aletleri,arcelik,ARÇELİK,8916021100,FRA 6244 Gurme Fry
kucuk_ev_aleti,Elektrikli Küçük Ev Aletleri,arcelik,ARÇELİK,8916981100,FRA 9494 Gurme TrioFry®
kucuk_ev_aleti,Elektrikli Küçük Ev Aletleri,bosch,Bosch,MMB6654B,Serie 6 High performance Blender VitaPower 1800 W Siyah
kucuk_ev_aleti,Elektrikli Küçük Ev Aletleri,bosch,Bosch,MFWS682B,"Serie 6 Gıda Kıyma Makinesi MultiPower 2100 W Siyah, Metalik gümüş"
kucuk_ev_aleti,Elektrikli Küçük Ev Aletleri,bosch,Bosch,MESM731M,"VitaExtract Yavaş Sıkım Katı Meyve Sıkacağı VitaExtract 150 W Siyah, Paslanmaz çelik"
kucuk_ev_aleti,Elektrikli Küçük Ev Aletleri,bosch,Bosch,MES4010,"VitaJuice Geleneksel Katı Meyve Sıkacağı VitaJuice 4 1200 W Gümüş, Siyah"
kucuk_ev_aleti,Elektrikli Küçük Ev Aletleri,bosch,Bosch,MFWS440B,"Serie 4 Gıda Kıyma Makinesi MultiPower 1900 W Siyah, Siyah"
kucuk_ev_aleti,Elektrikli Küçük Ev Aletleri,bosch,Bosch,MMB6177S,Serie 4 Blender VitaPower 1200 W Gümüş
kucuk_ev_aleti,Elektrikli Küçük Ev Aletleri,bosch,Bosch,MSM6M974,Serie 6 El Blenderı ErgoMaster 1600 W Paslanmaz çelik
kucuk_ev_aleti,Elektrikli Küçük Ev Aletleri,bosch,Bosch,TCG4215,Tost Makinesi Gümüş
kucuk_ev_aleti,Elektrikli Küçük Ev Aletleri,bosch,Bosch,MSM4B674,"Serie 4 El Blenderı ErgoMaster 1000 W Siyah, Antrasit"
kucuk_ev_aleti,Elektrikli Küçük Ev Aletleri,bosch,Bosch,MSM4B654,"Serie 4 El Blenderı ErgoMaster 1000 W Siyah, Antrasit"
cay_makinesi,Elektrikli Çay Makinesi,beko,Beko,8813221200,BKK 2221 C Beko Dem® Çay Makinesi
cay_makinesi,Elektrikli Çay Makinesi,beko,Beko,8916341200,CM 5342 IN
cay_makinesi,Elektrikli Çay Makinesi,beko,Beko,7460020200,CFM 8449 I
cay_makinesi,Elektrikli Çay Makinesi,beko,Beko,8916271200,CM 5964 B Floral
cay_makinesi,Elektrikli Çay Makinesi,beko,Beko,8818171200,CM 5964 R Floral
cay_makinesi,Elektrikli Çay Makinesi,beko,Beko,8918041200,CM 5587 B
cay_makinesi,Elektrikli Çay Makinesi,beko,Beko,8818181200,CM 5964 Floral
cay_makinesi,Elektrikli Çay Makinesi,beko,Beko,8919961200,CM 2626 IC
cay_makinesi,Elektrikli Çay Makinesi,beko,Beko,8918781200,CM 5582 I
cay_makinesi,Elektrikli Çay Makinesi,arcelik,ARÇELİK,8916531100,CM 6964 G
cay_makinesi,Elektrikli Çay Makinesi,arcelik,ARÇELİK,7460020100,CFM 9449 S
cay_makinesi,Elektrikli Çay Makinesi,arcelik,ARÇELİK,8815551100,CM 6964 K Resital
cay_makinesi,Elektrikli Çay Makinesi,arcelik,ARÇELİK,8815561100,CM 6964 S Resital
cay_makinesi,Elektrikli Çay Makinesi,arcelik,ARÇELİK,8918781100,CM 6582 I
cay_makinesi,Elektrikli Çay Makinesi,arcelik,ARÇELİK,8919961100,CM 3626 IC
cay_makinesi,Elektrikli Çay Makinesi,arcelik,ARÇELİK,8818131100,CM 6964 Resital
cay_makinesi,Elektrikli Çay Makinesi,arcelik,ARÇELİK,8916341100,CM 6342 IN
cay_makinesi,Elektrikli Çay Makinesi,arcelik,ARÇELİK,8813221100,K 3281 C
cay_makinesi,Elektrikli Çay Makinesi,arcelik,ARÇELİK,8918041100,CM 6587 G
cay_makinesi,Elektrikli Çay Makinesi,bosch,Bosch,TTA5883,Çay Makinesi
cay_makinesi,Elektrikli Çay Makinesi,bosch,Bosch,TTA5603,Çay Makinesi
cay_makinesi,Elektrikli Çay Makinesi,vestel,Vestel,20244336,VESTEL SEFA 5000 X ÇAY MAKİNESİ
cay_makinesi,Elektrikli Çay Makinesi,vestel,Vestel,20242903,Vestel Sefa 4000 X Çay Makinesi
cay_makinesi,Elektrikli Çay Makinesi,vestel,Vestel,20244543,VESTEL SEFA 4510 X Çay Makinesi
cay_makinesi,Elektrikli Çay Makinesi,vestel,Vestel,20244545,Vestel SEFA 4510 CX Çay Makinesi
cay_makinesi,Elektrikli Çay Makinesi,vestel,Vestel,20244544,Vestel SEFA 4510 C Çay Makinesi
cay_makinesi,Elektrikli Çay Makinesi,vestel,Vestel,20244336,VESTEL SEFA 5000 X ÇAY MAKİNESİ
cay_makinesi,Elektrikli Çay Makinesi,vestel,Vestel,20242903,Vestel Sefa 4000 X Çay Makinesi
cay_makinesi,Elektrikli Çay Makinesi,vestel,Vestel,20244543,VESTEL SEFA 4510 X Çay Makinesi
cay_makinesi,Elektrikli Çay Makinesi,vestel,Vestel,20244545,Vestel SEFA 4510 CX Çay Makinesi
cay_makinesi,Elektrikli Çay Makinesi,vestel,Vestel,20244544,Vestel SEFA 4510 C Çay Makinesi
utu,Ütü,beko,Beko,8911061200,ActiPress® MasterPro BKU 8130
utu,Ütü,beko,Beko,8915951200,ActiPress® Master BKU 5030
utu,Ütü,beko,Beko,8916871200,STM 2110 B
utu,Ütü,beko,Beko,8817621200,ActiPress® Expert BEU 8030 D
utu,Ütü,beko,Beko,8918351200,STM 7122 B
utu,Ütü,beko,Beko,8918321200,BEU 5024
utu,Ütü,beko,Beko,8918371200,SIM 4024 B
utu,Ütü,beko,Beko,8910501200,BEU 4124
utu,Ütü,beko,Beko,8817631200,BKG 5916
utu,Ütü,beko,Beko,8817611200,ActiPress® Expert BEU 8030 M
utu,Ütü,arcelik,ARÇELİK,8817311100,Aria™ Expert BEU 9030 D
utu,Ütü,arcelik,ARÇELİK,8817321100,Aria® Expert BEU 9030 M
utu,Ütü,arcelik,ARÇELİK,8918321100,BEU 6024
utu,Ütü,arcelik,ARÇELİK,8817331100,Aria™ Expert BEU 6024 M
utu,Ütü,arcelik,ARÇELİK,8911061100,Aria™ MasterPro BKU 9130
utu,Ütü,arcelik,ARÇELİK,8915951100,Aria™ Master BKU 6030
utu,Ütü,arcelik,ARÇELİK,8917621100,Aria™ Master Station BIU 6324
utu,Ütü,arcelik,ARÇELİK,8916871100,BSU 2110 S
utu,Ütü,arcelik,ARÇELİK,8918351100,BKG 7122
utu,Ütü,arcelik,ARÇELİK,8918371100,BEU 4024 M
utu,Ütü,vestel,Vestel,20242228,V-Press Serisi 2000 Lila Buhar Jeneratorlu Ütü
utu,Ütü,vestel,Vestel,20244214,Vestel SB2500 Buharlı Kırışık Giderici
utu,Ütü,vestel,Vestel,20244178,Vestel V-Press Serisi 2000 Mavi Buhar Jeneratörlü Ütü
utu,Ütü,vestel,Vestel,20244266,Vestel VBU 5531 Buharlı Ütü
utu,Ütü,vestel,Vestel,20244276,Vestel VBJU 7830 Buhar Jeneratörlü Ütü
utu,Ütü,vestel,Vestel,20244269,Vestel ELMAS VBU 5031 Buharlı Ütü
utu,Ütü,vestel,Vestel,20244334,Vestel VBJU 8026 Mor Buhar Jenaratörlü Ütü
utu,Ütü,vestel,Vestel,20244292,Vestel VBJU 8026 Yeşil Buhar Jenaratörlü Ütü
utu,Ütü,vestel,Vestel,20244271,Vestel VBU 4527 Mor Buharlı Ütü
utu,Ütü,vestel,Vestel,20244270,Vestel VBU 4527 Kırmızı Buharlı Ütü
